{
	"format_version": "1.8.0",
	"animations": {
		"animation.jorogumo.idle": {
			"loop": true,
			"animation_length": 1.52,
			"bones": {
				"body": {
					"rotation": {
						"0.0": {
							"vector": [7.5, 0, 0]
						},
						"1.52": {
							"vector": [7.5, 0, 0]
						}
					},
					"position": {
						"0.0": {
							"vector": [0, 0, 0]
						},
						"0.84": {
							"vector": [0, -0.1, 0]
						},
						"1.52": {
							"vector": [0, 0, 0]
						}
					}
				},
				"head": {
					"rotation": {
						"0.0": {
							"vector": [-2.5, 0, 0]
						},
						"1.52": {
							"vector": [-2.5, 0, 0]
						}
					},
					"position": {
						"0.0": {
							"vector": [0, 0, 0]
						},
						"0.88": {
							"vector": [0, -0.1, 0]
						},
						"1.52": {
							"vector": [0, 0, 0]
						}
					}
				},
				"right_arm": {
					"rotation": {
						"0.0": {
							"vector": [-7.84154, 18.26883, 13.36473]
						},
						"0.64": {
							"vector": [-7.45616, 15.9241, 14.74952]
						},
						"1.52": {
							"vector": [-7.84154, 18.26883, 13.36473]
						}
					}
				},
				"left_arm": {
					"rotation": {
						"0.0": {
							"vector": [-45.46094, -2.27044, -19.95581]
						},
						"0.72": {
							"vector": [-45.40692, -1.22832, -22.43961]
						},
						"1.52": {
							"vector": [-45.46094, -2.27044, -19.95581]
						}
					}
				},
				"abdomen": {
					"rotation": {
						"0.0": {
							"vector": [-12.5, 0, 0]
						},
						"1.52": {
							"vector": [-12.5, 0, 0]
						}
					}
				},
				"left_leg4": {
					"rotation": {
						"0.0": {
							"vector": [22.5, -22.5, -35]
						},
						"0.72": {
							"vector": [23.43074, -21.5244, -37.48284]
						},
						"1.52": {
							"vector": [22.5, -22.5, -35]
						}
					}
				},
				"left_leg3": {
					"rotation": {
						"0.0": {
							"vector": [7.5, -7.5, -35]
						},
						"0.72": {
							"vector": [7.81892, -7.16673, -37.49813]
						},
						"1.52": {
							"vector": [7.5, -7.5, -35]
						}
					}
				},
				"left_leg2": {
					"rotation": {
						"0.0": {
							"vector": [-7.5, 7.5, -35]
						},
						"0.72": {
							"vector": [-7.81892, 7.16673, -37.49813]
						},
						"1.52": {
							"vector": [-7.5, 7.5, -35]
						}
					}
				},
				"right_leg4": {
					"rotation": {
						"0.0": {
							"vector": [22.5, 22.5, 35]
						},
						"0.72": {
							"vector": [23.43074, 21.5244, 37.48284]
						},
						"1.52": {
							"vector": [22.5, 22.5, 35]
						}
					}
				},
				"right_leg3": {
					"rotation": {
						"0.0": {
							"vector": [7.5, 7.5, 35]
						},
						"0.72": {
							"vector": [7.81892, 7.16673, 37.49813]
						},
						"1.52": {
							"vector": [7.5, 7.5, 35]
						}
					}
				},
				"right_leg2": {
					"rotation": {
						"0.0": {
							"vector": [-7.5, -7.5, 35]
						},
						"0.72": {
							"vector": [-7.81892, -7.16673, 37.49813]
						},
						"1.52": {
							"vector": [-7.5, -7.5, 35]
						}
					}
				},
				"right_leg": {
					"rotation": {
						"0.0": {
							"vector": [-22.5, -22.5, 35]
						},
						"0.72": {
							"vector": [-23.43074, -21.5244, 37.48284]
						},
						"1.52": {
							"vector": [-22.5, -22.5, 35]
						}
					}
				},
				"left_leg": {
					"rotation": {
						"0.0": {
							"vector": [-22.5, 22.5, -35]
						},
						"0.72": {
							"vector": [-23.43074, 21.5244, -37.48284]
						},
						"1.52": {
							"vector": [-22.5, 22.5, -35]
						}
					}
				},
				"spider_thing": {
					"rotation": {
						"0.0": {
							"vector": [0, 0, 0]
						},
						"1.52": {
							"vector": [0, 0, 0]
						}
					},
					"position": {
						"0.0": {
							"vector": [0, 0, 0]
						},
						"0.72": {
							"vector": [0, -0.2, 0]
						},
						"1.52": {
							"vector": [0, 0, 0]
						}
					}
				},
				"spider_body": {
					"rotation": {
						"0.0": {
							"vector": [0, 0, 0]
						},
						"1.52": {
							"vector": [0, 0, 0]
						}
					},
					"position": {
						"0.0": {
							"vector": [0, 0, 0]
						},
						"1.52": {
							"vector": [0, 0, 0]
						}
					}
				}
			}
		},
		"animation.jorogumo.move": {
			"loop": true,
			"animation_length": 0.6,
			"bones": {
				"spider_thing": {
					"rotation": {
						"0.0": {
							"vector": [0, 0, 0]
						},
						"0.36": {
							"vector": [2, 0, 0]
						},
						"0.6": {
							"vector": [0, 0, 0]
						}
					},
					"position": {
						"0.0": {
							"vector": [0, 0, 0]
						},
						"0.28": {
							"vector": [0, -0.3, 0]
						},
						"0.6": {
							"vector": [0, 0, 0]
						}
					}
				},
				"body": {
					"rotation": {
						"0.0": {
							"vector": [27.5, 0, 0]
						},
						"0.24": {
							"vector": [26.5, 0, 0]
						},
						"0.6": {
							"vector": [27.5, 0, 0]
						}
					},
					"position": {
						"0.0": {
							"vector": [0, 0, 0]
						},
						"0.6": {
							"vector": [0, 0, 0]
						}
					}
				},
				"head": {
					"rotation": {
						"0.0": {
							"vector": [-22.5, 0, 0]
						},
						"0.36": {
							"vector": [-21.5, 0, 0]
						},
						"0.6": {
							"vector": [-22.5, 0, 0]
						}
					},
					"position": {
						"0.0": {
							"vector": [0, 0, 0]
						},
						"0.24": {
							"vector": [0, -0.1, 0]
						},
						"0.6": {
							"vector": [0, 0, 0]
						}
					}
				},
				"right_arm": {
					"rotation": {
						"0.0": {
							"vector": [16.52412, 16.6801, 49.87327]
						},
						"0.32": {
							"vector": [19.02412, 16.6801, 49.87327]
						},
						"0.6": {
							"vector": [16.52412, 16.6801, 49.87327]
						}
					}
				},
				"left_arm": {
					"rotation": {
						"0.0": {
							"vector": [17.35913, -16.21991, -37.11205]
						},
						"0.32": {
							"vector": [19.85913, -16.21991, -37.11205]
						},
						"0.6": {
							"vector": [17.35913, -16.21991, -37.11205]
						}
					}
				},
				"spider_body": {
					"rotation": {
						"0.0": {
							"vector": [0, 0, 0]
						},
						"0.6": {
							"vector": [0, 0, 0]
						}
					},
					"position": {
						"0.0": {
							"vector": [0, 0, 0]
						},
						"0.6": {
							"vector": [0, 0, 0]
						}
					}
				},
				"abdomen": {
					"rotation": {
						"0.0": {
							"vector": [-12.5, 0, 0]
						},
						"0.56": {
							"vector": [-12.5, 0, 0]
						}
					}
				},
				"left_leg4": {
					"rotation": {
						"0.0": {
							"vector": [20.94857, -8.55322, -29.25163]
						},
						"0.12": {
							"vector": [22.22573, -3.93815, -40.94136]
						},
						"0.28": {
							"vector": [9.09227, -8.01946, -56.56829]
						},
						"0.44": {
							"vector": [23.30048, -10.6387, -36.47013]
						},
						"0.6": {
							"vector": [20.94857, -8.55322, -29.25163]
						}
					}
				},
				"left_leg3": {
					"rotation": {
						"0.0": {
							"vector": [-6.09249, -3.23618, -47.06514]
						},
						"0.12": {
							"vector": [0.01903, -2.50472, -35.21803]
						},
						"0.28": {
							"vector": [17.61531, -9.88357, -35.76287]
						},
						"0.44": {
							"vector": [0.55063, -9.86904, -38.30044]
						},
						"0.6": {
							"vector": [-6.09249, -3.23618, -47.06514]
						}
					}
				},
				"left_leg2": {
					"rotation": {
						"0.0": {
							"vector": [-7.5, 7.5, -35]
						},
						"0.12": {
							"vector": [-10.74543, 15.79613, -46.66076]
						},
						"0.28": {
							"vector": [-36.56004, 11.38161, -49.09277]
						},
						"0.44": {
							"vector": [-18.03721, 16.49058, -34.55393]
						},
						"0.6": {
							"vector": [-7.5, 7.5, -35]
						}
					}
				},
				"right_leg4": {
					"rotation": {
						"0.0": {
							"vector": [27.30002, 16.14907, 49.41482]
						},
						"0.12": {
							"vector": [22.5, 22.5, 35]
						},
						"0.28": {
							"vector": [33.83415, 12.80953, 31.29538]
						},
						"0.44": {
							"vector": [3.83415, 12.80953, 31.29538]
						},
						"0.6": {
							"vector": [27.30002, 16.14907, 49.41482]
						}
					}
				},